<?xml version="1.0"?>
<ruleset name="LaraAspStandard"
         xmlns:xsi="http://www.w3.org/2001/XMLSchema-instance"
         xsi:noNamespaceSchemaLocation="./vendor/squizlabs/php_codesniffer/phpcs.xsd">
    <description>Lara Asp coding standard, based on PSR12</description>
    <config name="installed_paths" value="../../slevomat/coding-standard"/>
    <file>./packages</file>
    <rule ref="PSR12">
        <exclude name="Generic.NamingConventions.UpperCaseConstantName.ClassConstantNotUpperCase"/>
        <exclude name="Squiz.WhiteSpace.ScopeKeywordSpacing"/>
        <exclude name="Squiz.Functions.MultiLineFunctionDeclaration.BraceOnSameLine"/>
        <exclude name="Squiz.WhiteSpace.OperatorSpacing.SpacingBefore"/>
        <exclude name="PSR2.Classes.ClassDeclaration.OpenBraceNewLine"/>
        <exclude name="PSR2.Classes.PropertyDeclaration.SpacingAfterType"/>
        <exclude name="PSR12.Files.DeclareStatement.SpaceFoundAfterDirective"/>
        <exclude name="PSR12.Files.DeclareStatement.SpaceFoundBeforeDirectiveValue"/>
        <exclude name="PSR12.Files.FileHeader.SpacingAfterBlock"/>
        <exclude name="PSR12.Files.OpenTag.NotAlone"/>
        <exclude name="PSR12.Operators.OperatorSpacing.NoSpaceBefore"/>
        <exclude name="PSR12.Operators.OperatorSpacing.NoSpaceAfter"/>
        <exclude name="PSR12.Files.FileHeader.IncorrectOrder"/>
        <exclude name="PSR12.Classes.AnonClassDeclaration.SpaceAfterKeyword"/>

        <!-- False positive: https://github.com/squizlabs/PHP_CodeSniffer/issues/2937 -->
        <exclude name="Squiz.Arrays.ArrayDeclaration.ValueNoNewline"/>
    </rule>
    <rule ref="Generic.Functions.OpeningFunctionBraceKernighanRitchie"/>
    <rule ref="Generic.Classes.OpeningBraceSameLine"/>
    <rule ref="Generic.Formatting.MultipleStatementAlignment"/>
    <rule ref="Squiz.WhiteSpace.OperatorSpacing"/>
    <rule ref="Squiz.Strings.ConcatenationSpacing">
        <properties>
            <property name="ignoreNewlines" value="true"/>
        </properties>
    </rule>
    <rule ref="Squiz.Strings.DoubleQuoteUsage.NotRequired"/>
    <rule ref="Squiz.Arrays.ArrayDeclaration">
        <exclude name="Squiz.Arrays.ArrayDeclaration.KeyNotAligned"/>
        <exclude name="Squiz.Arrays.ArrayDeclaration.CloseBraceNotAligned"/>
        <exclude name="Squiz.Arrays.ArrayDeclaration.MultiLineNotAllowed"/>
        <exclude name="Squiz.Arrays.ArrayDeclaration.SingleLineNotAllowed"/>
        <exclude name="Squiz.Arrays.ArrayDeclaration.ValueNotAligned"/>
    </rule>
    <rule ref="SlevomatCodingStandard.TypeHints.UselessConstantTypeHint"/>
    <rule ref="SlevomatCodingStandard.TypeHints.UnionTypeHintFormat">
        <properties>
            <property name="nullPosition" value="last"/>
        </properties>
    </rule>
    <rule ref="SlevomatCodingStandard.TypeHints.DeclareStrictTypes">
        <properties>
            <property name="declareOnFirstLine" value="true"/>
            <property name="spacesCountAroundEqualsSign" value="1"/>
        </properties>
    </rule>
    <rule ref="SlevomatCodingStandard.TypeHints.ParameterTypeHint"/>
    <rule ref="SlevomatCodingStandard.TypeHints.PropertyTypeHint"/>
    <rule ref="SlevomatCodingStandard.TypeHints.ReturnTypeHint"/>
    <rule ref="SlevomatCodingStandard.Arrays.DisallowImplicitArrayCreation"/>
    <rule ref="SlevomatCodingStandard.ControlStructures.AssignmentInCondition"/>
    <rule ref="SlevomatCodingStandard.ControlStructures.RequireNullCoalesceOperator"/>
    <rule ref="SlevomatCodingStandard.ControlStructures.RequireNullCoalesceEqualOperator"/>
    <rule ref="SlevomatCodingStandard.Functions.StrictCall"/>
    <rule ref="SlevomatCodingStandard.PHP.DisallowDirectMagicInvokeCall"/>
    <rule ref="SlevomatCodingStandard.Operators.DisallowEqualOperators"/>
    <rule ref="SlevomatCodingStandard.Functions.UnusedInheritedVariablePassedToClosure"/>
    <rule ref="SlevomatCodingStandard.Namespaces.UnusedUses"/>
    <rule ref="SlevomatCodingStandard.Namespaces.UseFromSameNamespace"/>
    <rule ref="SlevomatCodingStandard.Namespaces.UselessAlias"/>
    <rule ref="SlevomatCodingStandard.PHP.RequireNowdoc"/>
    <rule ref="SlevomatCodingStandard.PHP.UselessSemicolon"/>
    <rule ref="SlevomatCodingStandard.Variables.DisallowSuperGlobalVariable"/>
    <rule ref="SlevomatCodingStandard.Exceptions.DeadCatch"/>
    <rule ref="SlevomatCodingStandard.Arrays.TrailingArrayComma"/>
    <rule ref="SlevomatCodingStandard.Classes.DisallowMultiConstantDefinition"/>
    <rule ref="SlevomatCodingStandard.Classes.DisallowMultiPropertyDefinition"/>
    <rule ref="SlevomatCodingStandard.Classes.SuperfluousAbstractClassNaming"/>
    <rule ref="SlevomatCodingStandard.Classes.SuperfluousInterfaceNaming"/>
    <rule ref="SlevomatCodingStandard.Classes.SuperfluousTraitNaming"/>
    <rule ref="SlevomatCodingStandard.ControlStructures.NewWithParentheses"/>
    <rule ref="SlevomatCodingStandard.ControlStructures.RequireNullSafeObjectOperator"/>
    <rule ref="SlevomatCodingStandard.ControlStructures.RequireShortTernaryOperator"/>
    <rule ref="SlevomatCodingStandard.Functions.DisallowEmptyFunction"/>
    <rule ref="SlevomatCodingStandard.Functions.RequireTrailingCommaInCall"/>
    <rule ref="SlevomatCodingStandard.Functions.RequireTrailingCommaInDeclaration"/>
    <rule ref="SlevomatCodingStandard.Namespaces.AlphabeticallySortedUses"/>
    <rule ref="SlevomatCodingStandard.Namespaces.RequireOneNamespaceInFile"/>
    <rule ref="SlevomatCodingStandard.Namespaces.NamespaceDeclaration"/>
    <rule ref="SlevomatCodingStandard.Numbers.RequireNumericLiteralSeparator">
        <properties>
            <property name="minDigitsBeforeDecimalPoint" value="5"/>
            <property name="minDigitsAfterDecimalPoint" value="999"/>
        </properties>
    </rule>
    <rule ref="SlevomatCodingStandard.PHP.ShortList"/>
    <rule ref="SlevomatCodingStandard.Classes.ClassConstantVisibility"/>
    <rule ref="SlevomatCodingStandard.Namespaces.DisallowGroupUse"/>
    <rule ref="SlevomatCodingStandard.Namespaces.MultipleUsesPerLine"/>
    <rule ref="SlevomatCodingStandard.Namespaces.UseDoesNotStartWithBackslash"/>
    <rule ref="SlevomatCodingStandard.Namespaces.FullyQualifiedClassNameInAnnotation"/>
    <rule ref="SlevomatCodingStandard.Commenting.EmptyComment"/>
    <rule ref="SlevomatCodingStandard.Commenting.UselessFunctionDocComment"/>
    <rule ref="SlevomatCodingStandard.Commenting.UselessInheritDocComment"/>
    <rule ref="SlevomatCodingStandard.ControlStructures.UselessIfConditionWithReturn"/>
    <rule ref="SlevomatCodingStandard.ControlStructures.UselessTernaryOperator"/>
    <rule ref="SlevomatCodingStandard.Namespaces.ReferenceUsedNamesOnly">
        <properties>
            <property name="allowFallbackGlobalFunctions" value="false"/>
            <property name="allowFallbackGlobalConstants" value="false"/>
        </properties>
    </rule>
    <rule ref="SlevomatCodingStandard.Classes.ModernClassNameReference"/>
    <rule ref="SlevomatCodingStandard.TypeHints.DisallowArrayTypeHintSyntax"/>
    <rule ref="SlevomatCodingStandard.Functions.StaticClosure"/>
    <rule ref="SlevomatCodingStandard.Functions.UnusedInheritedVariablePassedToClosure"/>
    <rule ref="SlevomatCodingStandard.Variables.UnusedVariable">
        <properties>
            <property name="ignoreUnusedValuesWhenOnlyKeysAreUsedInForeach" value="true"/>
        </properties>
    </rule>
    <rule ref="SlevomatCodingStandard.Commenting.InlineDocCommentDeclaration">
        <properties>
            <property name="allowAboveNonAssignment" value="true"/>
            <property name="allowDocCommentAboveReturn" value="true"/>
        </properties>
    </rule>
</ruleset>
